"site","species","latitude","longitude","month","monthnum","year","precipitation"
"GW","ES",51.190417,11.750763,"jan","01","1881",20
"GW","ES",51.190417,11.750763,"jan","01","1882",14
"GW","ES",51.190417,11.750763,"jan","01","1883",24
"GW","ES",51.190417,11.750763,"feb","02","1881",35
"GW","ES",51.190417,11.750763,"feb","02","1882",15
"GW","ES",51.190417,11.750763,"feb","02","1883",17
"GW","ES",51.190417,11.750763,"mar","03","1881",82
"GW","ES",51.190417,11.750763,"mar","03","1882",37
"GW","ES",51.190417,11.750763,"mar","03","1883",19
"GW","ES",51.190417,11.750763,"apr","04","1881",20
"GW","ES",51.190417,11.750763,"apr","04","1882",32
"GW","ES",51.190417,11.750763,"apr","04","1883",21
"GW","ES",51.190417,11.750763,"may","05","1881",51
"GW","ES",51.190417,11.750763,"may","05","1882",54
"GW","ES",51.190417,11.750763,"may","05","1883",38
"GW","ES",51.190417,11.750763,"jun","06","1881",88
"GW","ES",51.190417,11.750763,"jun","06","1882",88
"GW","ES",51.190417,11.750763,"jun","06","1883",41
"GW","ES",51.190417,11.750763,"jul","07","1881",77
"GW","ES",51.190417,11.750763,"jul","07","1882",186
"GW","ES",51.190417,11.750763,"jul","07","1883",111
"GW","ES",51.190417,11.750763,"aug","08","1881",126
"GW","ES",51.190417,11.750763,"aug","08","1882",58
"GW","ES",51.190417,11.750763,"aug","08","1883",21
"GW","ES",51.190417,11.750763,"sep","09","1881",64
"GW","ES",51.190417,11.750763,"sep","09","1882",98
"GW","ES",51.190417,11.750763,"sep","09","1883",47
"GW","ES",51.190417,11.750763,"oct","10","1881",80
"GW","ES",51.190417,11.750763,"oct","10","1882",41
"GW","ES",51.190417,11.750763,"oct","10","1883",67
"GW","ES",51.190417,11.750763,"nov","11","1881",13
"GW","ES",51.190417,11.750763,"nov","11","1882",69
"GW","ES",51.190417,11.750763,"nov","11","1883",26
"GW","ES",51.190417,11.750763,"dec","12","1881",23
"GW","ES",51.190417,11.750763,"dec","12","1882",77
"GW","ES",51.190417,11.750763,"dec","12","1883",51
"GW","HB",51.190417,11.750763,"jan","01","1881",20
"GW","HB",51.190417,11.750763,"jan","01","1882",14
"GW","HB",51.190417,11.750763,"jan","01","1883",24
"GW","HB",51.190417,11.750763,"feb","02","1881",35
"GW","HB",51.190417,11.750763,"feb","02","1882",15
"GW","HB",51.190417,11.750763,"feb","02","1883",17
"GW","HB",51.190417,11.750763,"mar","03","1881",82
"GW","HB",51.190417,11.750763,"mar","03","1882",37
"GW","HB",51.190417,11.750763,"mar","03","1883",19
"GW","HB",51.190417,11.750763,"apr","04","1881",20
"GW","HB",51.190417,11.750763,"apr","04","1882",32
"GW","HB",51.190417,11.750763,"apr","04","1883",21
"GW","HB",51.190417,11.750763,"may","05","1881",51
"GW","HB",51.190417,11.750763,"may","05","1882",54
"GW","HB",51.190417,11.750763,"may","05","1883",38
"GW","HB",51.190417,11.750763,"jun","06","1881",88
"GW","HB",51.190417,11.750763,"jun","06","1882",88
"GW","HB",51.190417,11.750763,"jun","06","1883",41
"GW","HB",51.190417,11.750763,"jul","07","1881",77
"GW","HB",51.190417,11.750763,"jul","07","1882",186
"GW","HB",51.190417,11.750763,"jul","07","1883",111
"GW","HB",51.190417,11.750763,"aug","08","1881",126
"GW","HB",51.190417,11.750763,"aug","08","1882",58
"GW","HB",51.190417,11.750763,"aug","08","1883",21
"GW","HB",51.190417,11.750763,"sep","09","1881",64
"GW","HB",51.190417,11.750763,"sep","09","1882",98
"GW","HB",51.190417,11.750763,"sep","09","1883",47
"GW","HB",51.190417,11.750763,"oct","10","1881",80
"GW","HB",51.190417,11.750763,"oct","10","1882",41
"GW","HB",51.190417,11.750763,"oct","10","1883",67
"GW","HB",51.190417,11.750763,"nov","11","1881",13
"GW","HB",51.190417,11.750763,"nov","11","1882",69
"GW","HB",51.190417,11.750763,"nov","11","1883",26
"GW","HB",51.190417,11.750763,"dec","12","1881",23
"GW","HB",51.190417,11.750763,"dec","12","1882",77
"GW","HB",51.190417,11.750763,"dec","12","1883",51
"GW","TE",51.190417,11.750763,"jan","01","1881",20
"GW","TE",51.190417,11.750763,"jan","01","1882",14
"GW","TE",51.190417,11.750763,"jan","01","1883",24
"GW","TE",51.190417,11.750763,"feb","02","1881",35
"GW","TE",51.190417,11.750763,"feb","02","1882",15
"GW","TE",51.190417,11.750763,"feb","02","1883",17
"GW","TE",51.190417,11.750763,"mar","03","1881",82
"GW","TE",51.190417,11.750763,"mar","03","1882",37
"GW","TE",51.190417,11.750763,"mar","03","1883",19
"GW","TE",51.190417,11.750763,"apr","04","1881",20
"GW","TE",51.190417,11.750763,"apr","04","1882",32
"GW","TE",51.190417,11.750763,"apr","04","1883",21
"GW","TE",51.190417,11.750763,"may","05","1881",51
"GW","TE",51.190417,11.750763,"may","05","1882",54
"GW","TE",51.190417,11.750763,"may","05","1883",38
"GW","TE",51.190417,11.750763,"jun","06","1881",88
"GW","TE",51.190417,11.750763,"jun","06","1882",88
"GW","TE",51.190417,11.750763,"jun","06","1883",41
"GW","TE",51.190417,11.750763,"jul","07","1881",77
"GW","TE",51.190417,11.750763,"jul","07","1882",186
"GW","TE",51.190417,11.750763,"jul","07","1883",111
"GW","TE",51.190417,11.750763,"aug","08","1881",126
"GW","TE",51.190417,11.750763,"aug","08","1882",58
"GW","TE",51.190417,11.750763,"aug","08","1883",21
"GW","TE",51.190417,11.750763,"sep","09","1881",64
"GW","TE",51.190417,11.750763,"sep","09","1882",98
"GW","TE",51.190417,11.750763,"sep","09","1883",47
"GW","TE",51.190417,11.750763,"oct","10","1881",80
"GW","TE",51.190417,11.750763,"oct","10","1882",41
"GW","TE",51.190417,11.750763,"oct","10","1883",67
"GW","TE",51.190417,11.750763,"nov","11","1881",13
"GW","TE",51.190417,11.750763,"nov","11","1882",69
"GW","TE",51.190417,11.750763,"nov","11","1883",26
"GW","TE",51.190417,11.750763,"dec","12","1881",23
"GW","TE",51.190417,11.750763,"dec","12","1882",77
"GW","TE",51.190417,11.750763,"dec","12","1883",51
"GW","WL",51.190417,11.750763,"jan","01","1881",20
"GW","WL",51.190417,11.750763,"jan","01","1882",14
"GW","WL",51.190417,11.750763,"jan","01","1883",24
"GW","WL",51.190417,11.750763,"feb","02","1881",35
"GW","WL",51.190417,11.750763,"feb","02","1882",15
"GW","WL",51.190417,11.750763,"feb","02","1883",17
"GW","WL",51.190417,11.750763,"mar","03","1881",82
"GW","WL",51.190417,11.750763,"mar","03","1882",37
"GW","WL",51.190417,11.750763,"mar","03","1883",19
"GW","WL",51.190417,11.750763,"apr","04","1881",20
"GW","WL",51.190417,11.750763,"apr","04","1882",32
"GW","WL",51.190417,11.750763,"apr","04","1883",21
"GW","WL",51.190417,11.750763,"may","05","1881",51
"GW","WL",51.190417,11.750763,"may","05","1882",54
"GW","WL",51.190417,11.750763,"may","05","1883",38
"GW","WL",51.190417,11.750763,"jun","06","1881",88
"GW","WL",51.190417,11.750763,"jun","06","1882",88
"GW","WL",51.190417,11.750763,"jun","06","1883",41
"GW","WL",51.190417,11.750763,"jul","07","1881",77
"GW","WL",51.190417,11.750763,"jul","07","1882",186
"GW","WL",51.190417,11.750763,"jul","07","1883",111
"GW","WL",51.190417,11.750763,"aug","08","1881",126
"GW","WL",51.190417,11.750763,"aug","08","1882",58
"GW","WL",51.190417,11.750763,"aug","08","1883",21
"GW","WL",51.190417,11.750763,"sep","09","1881",64
"GW","WL",51.190417,11.750763,"sep","09","1882",98
"GW","WL",51.190417,11.750763,"sep","09","1883",47
"GW","WL",51.190417,11.750763,"oct","10","1881",80
"GW","WL",51.190417,11.750763,"oct","10","1882",41
"GW","WL",51.190417,11.750763,"oct","10","1883",67
"GW","WL",51.190417,11.750763,"nov","11","1881",13
"GW","WL",51.190417,11.750763,"nov","11","1882",69
"GW","WL",51.190417,11.750763,"nov","11","1883",26
"GW","WL",51.190417,11.750763,"dec","12","1881",23
"GW","WL",51.190417,11.750763,"dec","12","1882",77
"GW","WL",51.190417,11.750763,"dec","12","1883",51
"HA","ES",51.500328,11.926774,"jan","01","1881",16
"HA","ES",51.500328,11.926774,"jan","01","1882",10
"HA","ES",51.500328,11.926774,"jan","01","1883",24
"HA","ES",51.500328,11.926774,"feb","02","1881",25
"HA","ES",51.500328,11.926774,"feb","02","1882",15
"HA","ES",51.500328,11.926774,"feb","02","1883",16
"HA","ES",51.500328,11.926774,"mar","03","1881",64
"HA","ES",51.500328,11.926774,"mar","03","1882",42
"HA","ES",51.500328,11.926774,"mar","03","1883",16
"HA","ES",51.500328,11.926774,"apr","04","1881",12
"HA","ES",51.500328,11.926774,"apr","04","1882",30
"HA","ES",51.500328,11.926774,"apr","04","1883",17
"HA","ES",51.500328,11.926774,"may","05","1881",47
"HA","ES",51.500328,11.926774,"may","05","1882",56
"HA","ES",51.500328,11.926774,"may","05","1883",42
"HA","ES",51.500328,11.926774,"jun","06","1881",80
"HA","ES",51.500328,11.926774,"jun","06","1882",83
"HA","ES",51.500328,11.926774,"jun","06","1883",30
"HA","ES",51.500328,11.926774,"jul","07","1881",79
"HA","ES",51.500328,11.926774,"jul","07","1882",187
"HA","ES",51.500328,11.926774,"jul","07","1883",88
"HA","ES",51.500328,11.926774,"aug","08","1881",113
"HA","ES",51.500328,11.926774,"aug","08","1882",64
"HA","ES",51.500328,11.926774,"aug","08","1883",28
"HA","ES",51.500328,11.926774,"sep","09","1881",60
"HA","ES",51.500328,11.926774,"sep","09","1882",94
"HA","ES",51.500328,11.926774,"sep","09","1883",49
"HA","ES",51.500328,11.926774,"oct","10","1881",76
"HA","ES",51.500328,11.926774,"oct","10","1882",47
"HA","ES",51.500328,11.926774,"oct","10","1883",58
"HA","ES",51.500328,11.926774,"nov","11","1881",8
"HA","ES",51.500328,11.926774,"nov","11","1882",50
"HA","ES",51.500328,11.926774,"nov","11","1883",26
"HA","ES",51.500328,11.926774,"dec","12","1881",16
"HA","ES",51.500328,11.926774,"dec","12","1882",46
"HA","ES",51.500328,11.926774,"dec","12","1883",42
"HA","HB",51.500328,11.926774,"jan","01","1881",16
"HA","HB",51.500328,11.926774,"jan","01","1882",10
"HA","HB",51.500328,11.926774,"jan","01","1883",24
"HA","HB",51.500328,11.926774,"feb","02","1881",25
"HA","HB",51.500328,11.926774,"feb","02","1882",15
"HA","HB",51.500328,11.926774,"feb","02","1883",16
"HA","HB",51.500328,11.926774,"mar","03","1881",64
"HA","HB",51.500328,11.926774,"mar","03","1882",42
"HA","HB",51.500328,11.926774,"mar","03","1883",16
"HA","HB",51.500328,11.926774,"apr","04","1881",12
"HA","HB",51.500328,11.926774,"apr","04","1882",30
"HA","HB",51.500328,11.926774,"apr","04","1883",17
"HA","HB",51.500328,11.926774,"may","05","1881",47
"HA","HB",51.500328,11.926774,"may","05","1882",56
"HA","HB",51.500328,11.926774,"may","05","1883",42
"HA","HB",51.500328,11.926774,"jun","06","1881",80
"HA","HB",51.500328,11.926774,"jun","06","1882",83
"HA","HB",51.500328,11.926774,"jun","06","1883",30
"HA","HB",51.500328,11.926774,"jul","07","1881",79
"HA","HB",51.500328,11.926774,"jul","07","1882",187
"HA","HB",51.500328,11.926774,"jul","07","1883",88
"HA","HB",51.500328,11.926774,"aug","08","1881",113
"HA","HB",51.500328,11.926774,"aug","08","1882",64
"HA","HB",51.500328,11.926774,"aug","08","1883",28
"HA","HB",51.500328,11.926774,"sep","09","1881",60
"HA","HB",51.500328,11.926774,"sep","09","1882",94
"HA","HB",51.500328,11.926774,"sep","09","1883",49
"HA","HB",51.500328,11.926774,"oct","10","1881",76
"HA","HB",51.500328,11.926774,"oct","10","1882",47
"HA","HB",51.500328,11.926774,"oct","10","1883",58
"HA","HB",51.500328,11.926774,"nov","11","1881",8
"HA","HB",51.500328,11.926774,"nov","11","1882",50
"HA","HB",51.500328,11.926774,"nov","11","1883",26
"HA","HB",51.500328,11.926774,"dec","12","1881",16
"HA","HB",51.500328,11.926774,"dec","12","1882",46
"HA","HB",51.500328,11.926774,"dec","12","1883",42
"HA","SA",51.491306,11.891522,"jan","01","1881",16
"HA","SA",51.491306,11.891522,"jan","01","1882",11
"HA","SA",51.491306,11.891522,"jan","01","1883",24
"HA","SA",51.491306,11.891522,"feb","02","1881",26
"HA","SA",51.491306,11.891522,"feb","02","1882",15
"HA","SA",51.491306,11.891522,"feb","02","1883",16
"HA","SA",51.491306,11.891522,"mar","03","1881",66
"HA","SA",51.491306,11.891522,"mar","03","1882",44
"HA","SA",51.491306,11.891522,"mar","03","1883",17
"HA","SA",51.491306,11.891522,"apr","04","1881",12
"HA","SA",51.491306,11.891522,"apr","04","1882",30
"HA","SA",51.491306,11.891522,"apr","04","1883",17
"HA","SA",51.491306,11.891522,"may","05","1881",45
"HA","SA",51.491306,11.891522,"may","05","1882",55
"HA","SA",51.491306,11.891522,"may","05","1883",41
"HA","SA",51.491306,11.891522,"jun","06","1881",79
"HA","SA",51.491306,11.891522,"jun","06","1882",83
"HA","SA",51.491306,11.891522,"jun","06","1883",31
"HA","SA",51.491306,11.891522,"jul","07","1881",76
"HA","SA",51.491306,11.891522,"jul","07","1882",182
"HA","SA",51.491306,11.891522,"jul","07","1883",86
"HA","SA",51.491306,11.891522,"aug","08","1881",112
"HA","SA",51.491306,11.891522,"aug","08","1882",63
"HA","SA",51.491306,11.891522,"aug","08","1883",28
"HA","SA",51.491306,11.891522,"sep","09","1881",60
"HA","SA",51.491306,11.891522,"sep","09","1882",93
"HA","SA",51.491306,11.891522,"sep","09","1883",49
"HA","SA",51.491306,11.891522,"oct","10","1881",73
"HA","SA",51.491306,11.891522,"oct","10","1882",46
"HA","SA",51.491306,11.891522,"oct","10","1883",56
"HA","SA",51.491306,11.891522,"nov","11","1881",8
"HA","SA",51.491306,11.891522,"nov","11","1882",50
"HA","SA",51.491306,11.891522,"nov","11","1883",26
"HA","SA",51.491306,11.891522,"dec","12","1881",16
"HA","SA",51.491306,11.891522,"dec","12","1882",45
"HA","SA",51.491306,11.891522,"dec","12","1883",42
"HA","TE",51.487351,11.867109,"jan","01","1881",16
"HA","TE",51.487351,11.867109,"jan","01","1882",11
"HA","TE",51.487351,11.867109,"jan","01","1883",24
"HA","TE",51.487351,11.867109,"feb","02","1881",25
"HA","TE",51.487351,11.867109,"feb","02","1882",15
"HA","TE",51.487351,11.867109,"feb","02","1883",15
"HA","TE",51.487351,11.867109,"mar","03","1881",67
"HA","TE",51.487351,11.867109,"mar","03","1882",45
"HA","TE",51.487351,11.867109,"mar","03","1883",17
"HA","TE",51.487351,11.867109,"apr","04","1881",12
"HA","TE",51.487351,11.867109,"apr","04","1882",30
"HA","TE",51.487351,11.867109,"apr","04","1883",17
"HA","TE",51.487351,11.867109,"may","05","1881",45
"HA","TE",51.487351,11.867109,"may","05","1882",55
"HA","TE",51.487351,11.867109,"may","05","1883",41
"HA","TE",51.487351,11.867109,"jun","06","1881",79
"HA","TE",51.487351,11.867109,"jun","06","1882",82
"HA","TE",51.487351,11.867109,"jun","06","1883",30
"HA","TE",51.487351,11.867109,"jul","07","1881",78
"HA","TE",51.487351,11.867109,"jul","07","1882",185
"HA","TE",51.487351,11.867109,"jul","07","1883",88
"HA","TE",51.487351,11.867109,"aug","08","1881",112
"HA","TE",51.487351,11.867109,"aug","08","1882",63
"HA","TE",51.487351,11.867109,"aug","08","1883",28
"HA","TE",51.487351,11.867109,"sep","09","1881",60
"HA","TE",51.487351,11.867109,"sep","09","1882",93
"HA","TE",51.487351,11.867109,"sep","09","1883",49
"HA","TE",51.487351,11.867109,"oct","10","1881",75
"HA","TE",51.487351,11.867109,"oct","10","1882",47
"HA","TE",51.487351,11.867109,"oct","10","1883",57
"HA","TE",51.487351,11.867109,"nov","11","1881",9
"HA","TE",51.487351,11.867109,"nov","11","1882",51
"HA","TE",51.487351,11.867109,"nov","11","1883",27
"HA","TE",51.487351,11.867109,"dec","12","1881",16
"HA","TE",51.487351,11.867109,"dec","12","1882",45
"HA","TE",51.487351,11.867109,"dec","12","1883",42
"HA","WL",51.487351,11.867109,"jan","01","1881",16
"HA","WL",51.487351,11.867109,"jan","01","1882",11
"HA","WL",51.487351,11.867109,"jan","01","1883",24
"HA","WL",51.487351,11.867109,"feb","02","1881",25
"HA","WL",51.487351,11.867109,"feb","02","1882",15
"HA","WL",51.487351,11.867109,"feb","02","1883",15
"HA","WL",51.487351,11.867109,"mar","03","1881",67
"HA","WL",51.487351,11.867109,"mar","03","1882",45
"HA","WL",51.487351,11.867109,"mar","03","1883",17
"HA","WL",51.487351,11.867109,"apr","04","1881",12
"HA","WL",51.487351,11.867109,"apr","04","1882",30
"HA","WL",51.487351,11.867109,"apr","04","1883",17
"HA","WL",51.487351,11.867109,"may","05","1881",45
"HA","WL",51.487351,11.867109,"may","05","1882",55
"HA","WL",51.487351,11.867109,"may","05","1883",41
"HA","WL",51.487351,11.867109,"jun","06","1881",79
"HA","WL",51.487351,11.867109,"jun","06","1882",82
"HA","WL",51.487351,11.867109,"jun","06","1883",30
"HA","WL",51.487351,11.867109,"jul","07","1881",78
"HA","WL",51.487351,11.867109,"jul","07","1882",185
"HA","WL",51.487351,11.867109,"jul","07","1883",88
"HA","WL",51.487351,11.867109,"aug","08","1881",112
"HA","WL",51.487351,11.867109,"aug","08","1882",63
"HA","WL",51.487351,11.867109,"aug","08","1883",28
"HA","WL",51.487351,11.867109,"sep","09","1881",60
"HA","WL",51.487351,11.867109,"sep","09","1882",93
"HA","WL",51.487351,11.867109,"sep","09","1883",49
"HA","WL",51.487351,11.867109,"oct","10","1881",75
"HA","WL",51.487351,11.867109,"oct","10","1882",47
"HA","WL",51.487351,11.867109,"oct","10","1883",57
"HA","WL",51.487351,11.867109,"nov","11","1881",9
"HA","WL",51.487351,11.867109,"nov","11","1882",51
"HA","WL",51.487351,11.867109,"nov","11","1883",27
"HA","WL",51.487351,11.867109,"dec","12","1881",16
"HA","WL",51.487351,11.867109,"dec","12","1882",45
"HA","WL",51.487351,11.867109,"dec","12","1883",42
"HK","ES",51.883832,11.32081,"jan","01","1881",23
"HK","ES",51.883832,11.32081,"jan","01","1882",19
"HK","ES",51.883832,11.32081,"jan","01","1883",25
"HK","ES",51.883832,11.32081,"feb","02","1881",32
"HK","ES",51.883832,11.32081,"feb","02","1882",22
"HK","ES",51.883832,11.32081,"feb","02","1883",17
"HK","ES",51.883832,11.32081,"mar","03","1881",77
"HK","ES",51.883832,11.32081,"mar","03","1882",50
"HK","ES",51.883832,11.32081,"mar","03","1883",18
"HK","ES",51.883832,11.32081,"apr","04","1881",12
"HK","ES",51.883832,11.32081,"apr","04","1882",32
"HK","ES",51.883832,11.32081,"apr","04","1883",18
"HK","ES",51.883832,11.32081,"may","05","1881",28
"HK","ES",51.883832,11.32081,"may","05","1882",48
"HK","ES",51.883832,11.32081,"may","05","1883",53
"HK","ES",51.883832,11.32081,"jun","06","1881",56
"HK","ES",51.883832,11.32081,"jun","06","1882",81
"HK","ES",51.883832,11.32081,"jun","06","1883",30
"HK","ES",51.883832,11.32081,"jul","07","1881",40
"HK","ES",51.883832,11.32081,"jul","07","1882",143
"HK","ES",51.883832,11.32081,"jul","07","1883",86
"HK","ES",51.883832,11.32081,"aug","08","1881",103
"HK","ES",51.883832,11.32081,"aug","08","1882",79
"HK","ES",51.883832,11.32081,"aug","08","1883",38
"HK","ES",51.883832,11.32081,"sep","09","1881",46
"HK","ES",51.883832,11.32081,"sep","09","1882",68
"HK","ES",51.883832,11.32081,"sep","09","1883",44
"HK","ES",51.883832,11.32081,"oct","10","1881",74
"HK","ES",51.883832,11.32081,"oct","10","1882",35
"HK","ES",51.883832,11.32081,"oct","10","1883",52
"HK","ES",51.883832,11.32081,"nov","11","1881",13
"HK","ES",51.883832,11.32081,"nov","11","1882",58
"HK","ES",51.883832,11.32081,"nov","11","1883",39
"HK","ES",51.883832,11.32081,"dec","12","1881",20
"HK","ES",51.883832,11.32081,"dec","12","1882",44
"HK","ES",51.883832,11.32081,"dec","12","1883",53
"HK","HB",51.883832,11.32081,"jan","01","1881",23
"HK","HB",51.883832,11.32081,"jan","01","1882",19
"HK","HB",51.883832,11.32081,"jan","01","1883",25
"HK","HB",51.883832,11.32081,"feb","02","1881",32
"HK","HB",51.883832,11.32081,"feb","02","1882",22
"HK","HB",51.883832,11.32081,"feb","02","1883",17
"HK","HB",51.883832,11.32081,"mar","03","1881",77
"HK","HB",51.883832,11.32081,"mar","03","1882",50
"HK","HB",51.883832,11.32081,"mar","03","1883",18
"HK","HB",51.883832,11.32081,"apr","04","1881",12
"HK","HB",51.883832,11.32081,"apr","04","1882",32
"HK","HB",51.883832,11.32081,"apr","04","1883",18
"HK","HB",51.883832,11.32081,"may","05","1881",28
"HK","HB",51.883832,11.32081,"may","05","1882",48
"HK","HB",51.883832,11.32081,"may","05","1883",53
"HK","HB",51.883832,11.32081,"jun","06","1881",56
"HK","HB",51.883832,11.32081,"jun","06","1882",81
"HK","HB",51.883832,11.32081,"jun","06","1883",30
"HK","HB",51.883832,11.32081,"jul","07","1881",40
"HK","HB",51.883832,11.32081,"jul","07","1882",143
"HK","HB",51.883832,11.32081,"jul","07","1883",86
"HK","HB",51.883832,11.32081,"aug","08","1881",103
"HK","HB",51.883832,11.32081,"aug","08","1882",79
"HK","HB",51.883832,11.32081,"aug","08","1883",38
"HK","HB",51.883832,11.32081,"sep","09","1881",46
"HK","HB",51.883832,11.32081,"sep","09","1882",68
"HK","HB",51.883832,11.32081,"sep","09","1883",44
"HK","HB",51.883832,11.32081,"oct","10","1881",74
"HK","HB",51.883832,11.32081,"oct","10","1882",35
"HK","HB",51.883832,11.32081,"oct","10","1883",52
"HK","HB",51.883832,11.32081,"nov","11","1881",13
"HK","HB",51.883832,11.32081,"nov","11","1882",58
"HK","HB",51.883832,11.32081,"nov","11","1883",39
"HK","HB",51.883832,11.32081,"dec","12","1881",20
"HK","HB",51.883832,11.32081,"dec","12","1882",44
"HK","HB",51.883832,11.32081,"dec","12","1883",53
"HK","SA",51.883832,11.32081,"jan","01","1881",23
"HK","SA",51.883832,11.32081,"jan","01","1882",19
"HK","SA",51.883832,11.32081,"jan","01","1883",25
"HK","SA",51.883832,11.32081,"feb","02","1881",32
"HK","SA",51.883832,11.32081,"feb","02","1882",22
"HK","SA",51.883832,11.32081,"feb","02","1883",17
"HK","SA",51.883832,11.32081,"mar","03","1881",77
"HK","SA",51.883832,11.32081,"mar","03","1882",50
"HK","SA",51.883832,11.32081,"mar","03","1883",18
"HK","SA",51.883832,11.32081,"apr","04","1881",12
"HK","SA",51.883832,11.32081,"apr","04","1882",32
"HK","SA",51.883832,11.32081,"apr","04","1883",18
"HK","SA",51.883832,11.32081,"may","05","1881",28
"HK","SA",51.883832,11.32081,"may","05","1882",48
"HK","SA",51.883832,11.32081,"may","05","1883",53
"HK","SA",51.883832,11.32081,"jun","06","1881",56
"HK","SA",51.883832,11.32081,"jun","06","1882",81
"HK","SA",51.883832,11.32081,"jun","06","1883",30
"HK","SA",51.883832,11.32081,"jul","07","1881",40
"HK","SA",51.883832,11.32081,"jul","07","1882",143
"HK","SA",51.883832,11.32081,"jul","07","1883",86
"HK","SA",51.883832,11.32081,"aug","08","1881",103
"HK","SA",51.883832,11.32081,"aug","08","1882",79
"HK","SA",51.883832,11.32081,"aug","08","1883",38
"HK","SA",51.883832,11.32081,"sep","09","1881",46
"HK","SA",51.883832,11.32081,"sep","09","1882",68
"HK","SA",51.883832,11.32081,"sep","09","1883",44
"HK","SA",51.883832,11.32081,"oct","10","1881",74
"HK","SA",51.883832,11.32081,"oct","10","1882",35
"HK","SA",51.883832,11.32081,"oct","10","1883",52
"HK","SA",51.883832,11.32081,"nov","11","1881",13
"HK","SA",51.883832,11.32081,"nov","11","1882",58
"HK","SA",51.883832,11.32081,"nov","11","1883",39
"HK","SA",51.883832,11.32081,"dec","12","1881",20
"HK","SA",51.883832,11.32081,"dec","12","1882",44
"HK","SA",51.883832,11.32081,"dec","12","1883",53
"HK","TE",51.883832,11.32081,"jan","01","1881",23
"HK","TE",51.883832,11.32081,"jan","01","1882",19
"HK","TE",51.883832,11.32081,"jan","01","1883",25
"HK","TE",51.883832,11.32081,"feb","02","1881",32
"HK","TE",51.883832,11.32081,"feb","02","1882",22
"HK","TE",51.883832,11.32081,"feb","02","1883",17
"HK","TE",51.883832,11.32081,"mar","03","1881",77
"HK","TE",51.883832,11.32081,"mar","03","1882",50
"HK","TE",51.883832,11.32081,"mar","03","1883",18
"HK","TE",51.883832,11.32081,"apr","04","1881",12
"HK","TE",51.883832,11.32081,"apr","04","1882",32
"HK","TE",51.883832,11.32081,"apr","04","1883",18
"HK","TE",51.883832,11.32081,"may","05","1881",28
"HK","TE",51.883832,11.32081,"may","05","1882",48
"HK","TE",51.883832,11.32081,"may","05","1883",53
"HK","TE",51.883832,11.32081,"jun","06","1881",56
"HK","TE",51.883832,11.32081,"jun","06","1882",81
"HK","TE",51.883832,11.32081,"jun","06","1883",30
"HK","TE",51.883832,11.32081,"jul","07","1881",40
"HK","TE",51.883832,11.32081,"jul","07","1882",143
"HK","TE",51.883832,11.32081,"jul","07","1883",86
"HK","TE",51.883832,11.32081,"aug","08","1881",103
"HK","TE",51.883832,11.32081,"aug","08","1882",79
"HK","TE",51.883832,11.32081,"aug","08","1883",38
"HK","TE",51.883832,11.32081,"sep","09","1881",46
"HK","TE",51.883832,11.32081,"sep","09","1882",68
"HK","TE",51.883832,11.32081,"sep","09","1883",44
"HK","TE",51.883832,11.32081,"oct","10","1881",74
"HK","TE",51.883832,11.32081,"oct","10","1882",35
"HK","TE",51.883832,11.32081,"oct","10","1883",52
"HK","TE",51.883832,11.32081,"nov","11","1881",13
"HK","TE",51.883832,11.32081,"nov","11","1882",58
"HK","TE",51.883832,11.32081,"nov","11","1883",39
"HK","TE",51.883832,11.32081,"dec","12","1881",20
"HK","TE",51.883832,11.32081,"dec","12","1882",44
"HK","TE",51.883832,11.32081,"dec","12","1883",53
"HK","WL",51.883832,11.32081,"jan","01","1881",23
"HK","WL",51.883832,11.32081,"jan","01","1882",19
"HK","WL",51.883832,11.32081,"jan","01","1883",25
"HK","WL",51.883832,11.32081,"feb","02","1881",32
"HK","WL",51.883832,11.32081,"feb","02","1882",22
"HK","WL",51.883832,11.32081,"feb","02","1883",17
"HK","WL",51.883832,11.32081,"mar","03","1881",77
"HK","WL",51.883832,11.32081,"mar","03","1882",50
"HK","WL",51.883832,11.32081,"mar","03","1883",18
"HK","WL",51.883832,11.32081,"apr","04","1881",12
"HK","WL",51.883832,11.32081,"apr","04","1882",32
"HK","WL",51.883832,11.32081,"apr","04","1883",18
"HK","WL",51.883832,11.32081,"may","05","1881",28
"HK","WL",51.883832,11.32081,"may","05","1882",48
"HK","WL",51.883832,11.32081,"may","05","1883",53
"HK","WL",51.883832,11.32081,"jun","06","1881",56
"HK","WL",51.883832,11.32081,"jun","06","1882",81
"HK","WL",51.883832,11.32081,"jun","06","1883",30
"HK","WL",51.883832,11.32081,"jul","07","1881",40
"HK","WL",51.883832,11.32081,"jul","07","1882",143
"HK","WL",51.883832,11.32081,"jul","07","1883",86
"HK","WL",51.883832,11.32081,"aug","08","1881",103
"HK","WL",51.883832,11.32081,"aug","08","1882",79
"HK","WL",51.883832,11.32081,"aug","08","1883",38
"HK","WL",51.883832,11.32081,"sep","09","1881",46
"HK","WL",51.883832,11.32081,"sep","09","1882",68
"HK","WL",51.883832,11.32081,"sep","09","1883",44
"HK","WL",51.883832,11.32081,"oct","10","1881",74
"HK","WL",51.883832,11.32081,"oct","10","1882",35
"HK","WL",51.883832,11.32081,"oct","10","1883",52
"HK","WL",51.883832,11.32081,"nov","11","1881",13
"HK","WL",51.883832,11.32081,"nov","11","1882",58
"HK","WL",51.883832,11.32081,"nov","11","1883",39
"HK","WL",51.883832,11.32081,"dec","12","1881",20
"HK","WL",51.883832,11.32081,"dec","12","1882",44
"HK","WL",51.883832,11.32081,"dec","12","1883",53
"HL","ES",51.404239,10.655329,"jan","01","1881",41
"HL","ES",51.404239,10.655329,"jan","01","1882",29
"HL","ES",51.404239,10.655329,"jan","01","1883",48
"HL","ES",51.404239,10.655329,"feb","02","1881",60
"HL","ES",51.404239,10.655329,"feb","02","1882",39
"HL","ES",51.404239,10.655329,"feb","02","1883",25
"HL","ES",51.404239,10.655329,"mar","03","1881",124
"HL","ES",51.404239,10.655329,"mar","03","1882",61
"HL","ES",51.404239,10.655329,"mar","03","1883",32
"HL","ES",51.404239,10.655329,"apr","04","1881",22
"HL","ES",51.404239,10.655329,"apr","04","1882",43
"HL","ES",51.404239,10.655329,"apr","04","1883",24
"HL","ES",51.404239,10.655329,"may","05","1881",25
"HL","ES",51.404239,10.655329,"may","05","1882",44
"HL","ES",51.404239,10.655329,"may","05","1883",52
"HL","ES",51.404239,10.655329,"jun","06","1881",58
"HL","ES",51.404239,10.655329,"jun","06","1882",110
"HL","ES",51.404239,10.655329,"jun","06","1883",38
"HL","ES",51.404239,10.655329,"jul","07","1881",55
"HL","ES",51.404239,10.655329,"jul","07","1882",165
"HL","ES",51.404239,10.655329,"jul","07","1883",110
"HL","ES",51.404239,10.655329,"aug","08","1881",120
"HL","ES",51.404239,10.655329,"aug","08","1882",103
"HL","ES",51.404239,10.655329,"aug","08","1883",47
"HL","ES",51.404239,10.655329,"sep","09","1881",51
"HL","ES",51.404239,10.655329,"sep","09","1882",75
"HL","ES",51.404239,10.655329,"sep","09","1883",55
"HL","ES",51.404239,10.655329,"oct","10","1881",89
"HL","ES",51.404239,10.655329,"oct","10","1882",49
"HL","ES",51.404239,10.655329,"oct","10","1883",63
"HL","ES",51.404239,10.655329,"nov","11","1881",28
"HL","ES",51.404239,10.655329,"nov","11","1882",116
"HL","ES",51.404239,10.655329,"nov","11","1883",67
"HL","ES",51.404239,10.655329,"dec","12","1881",48
"HL","ES",51.404239,10.655329,"dec","12","1882",85
"HL","ES",51.404239,10.655329,"dec","12","1883",105
"HL","HB",51.404239,10.655329,"jan","01","1881",41
"HL","HB",51.404239,10.655329,"jan","01","1882",29
"HL","HB",51.404239,10.655329,"jan","01","1883",48
"HL","HB",51.404239,10.655329,"feb","02","1881",60
"HL","HB",51.404239,10.655329,"feb","02","1882",39
"HL","HB",51.404239,10.655329,"feb","02","1883",25
"HL","HB",51.404239,10.655329,"mar","03","1881",124
"HL","HB",51.404239,10.655329,"mar","03","1882",61
"HL","HB",51.404239,10.655329,"mar","03","1883",32
"HL","HB",51.404239,10.655329,"apr","04","1881",22
"HL","HB",51.404239,10.655329,"apr","04","1882",43
"HL","HB",51.404239,10.655329,"apr","04","1883",24
"HL","HB",51.404239,10.655329,"may","05","1881",25
"HL","HB",51.404239,10.655329,"may","05","1882",44
"HL","HB",51.404239,10.655329,"may","05","1883",52
"HL","HB",51.404239,10.655329,"jun","06","1881",58
"HL","HB",51.404239,10.655329,"jun","06","1882",110
"HL","HB",51.404239,10.655329,"jun","06","1883",38
"HL","HB",51.404239,10.655329,"jul","07","1881",55
"HL","HB",51.404239,10.655329,"jul","07","1882",165
"HL","HB",51.404239,10.655329,"jul","07","1883",110
"HL","HB",51.404239,10.655329,"aug","08","1881",120
"HL","HB",51.404239,10.655329,"aug","08","1882",103
"HL","HB",51.404239,10.655329,"aug","08","1883",47
"HL","HB",51.404239,10.655329,"sep","09","1881",51
"HL","HB",51.404239,10.655329,"sep","09","1882",75
"HL","HB",51.404239,10.655329,"sep","09","1883",55
"HL","HB",51.404239,10.655329,"oct","10","1881",89
"HL","HB",51.404239,10.655329,"oct","10","1882",49
"HL","HB",51.404239,10.655329,"oct","10","1883",63
"HL","HB",51.404239,10.655329,"nov","11","1881",28
"HL","HB",51.404239,10.655329,"nov","11","1882",116
"HL","HB",51.404239,10.655329,"nov","11","1883",67
"HL","HB",51.404239,10.655329,"dec","12","1881",48
"HL","HB",51.404239,10.655329,"dec","12","1882",85
"HL","HB",51.404239,10.655329,"dec","12","1883",105
"HL","SA",51.404239,10.655329,"jan","01","1881",41
"HL","SA",51.404239,10.655329,"jan","01","1882",29
"HL","SA",51.404239,10.655329,"jan","01","1883",48
"HL","SA",51.404239,10.655329,"feb","02","1881",60
"HL","SA",51.404239,10.655329,"feb","02","1882",39
"HL","SA",51.404239,10.655329,"feb","02","1883",25
"HL","SA",51.404239,10.655329,"mar","03","1881",124
"HL","SA",51.404239,10.655329,"mar","03","1882",61
"HL","SA",51.404239,10.655329,"mar","03","1883",32
"HL","SA",51.404239,10.655329,"apr","04","1881",22
"HL","SA",51.404239,10.655329,"apr","04","1882",43
"HL","SA",51.404239,10.655329,"apr","04","1883",24
"HL","SA",51.404239,10.655329,"may","05","1881",25
"HL","SA",51.404239,10.655329,"may","05","1882",44
"HL","SA",51.404239,10.655329,"may","05","1883",52
"HL","SA",51.404239,10.655329,"jun","06","1881",58
"HL","SA",51.404239,10.655329,"jun","06","1882",110
"HL","SA",51.404239,10.655329,"jun","06","1883",38
"HL","SA",51.404239,10.655329,"jul","07","1881",55
"HL","SA",51.404239,10.655329,"jul","07","1882",165
"HL","SA",51.404239,10.655329,"jul","07","1883",110
"HL","SA",51.404239,10.655329,"aug","08","1881",120
"HL","SA",51.404239,10.655329,"aug","08","1882",103
"HL","SA",51.404239,10.655329,"aug","08","1883",47
"HL","SA",51.404239,10.655329,"sep","09","1881",51
"HL","SA",51.404239,10.655329,"sep","09","1882",75
"HL","SA",51.404239,10.655329,"sep","09","1883",55
"HL","SA",51.404239,10.655329,"oct","10","1881",89
"HL","SA",51.404239,10.655329,"oct","10","1882",49
"HL","SA",51.404239,10.655329,"oct","10","1883",63
"HL","SA",51.404239,10.655329,"nov","11","1881",28
"HL","SA",51.404239,10.655329,"nov","11","1882",116
"HL","SA",51.404239,10.655329,"nov","11","1883",67
"HL","SA",51.404239,10.655329,"dec","12","1881",48
"HL","SA",51.404239,10.655329,"dec","12","1882",85
"HL","SA",51.404239,10.655329,"dec","12","1883",105
"HL","TE",51.404239,10.655329,"jan","01","1881",41
"HL","TE",51.404239,10.655329,"jan","01","1882",29
"HL","TE",51.404239,10.655329,"jan","01","1883",48
"HL","TE",51.404239,10.655329,"feb","02","1881",60
"HL","TE",51.404239,10.655329,"feb","02","1882",39
"HL","TE",51.404239,10.655329,"feb","02","1883",25
"HL","TE",51.404239,10.655329,"mar","03","1881",124
"HL","TE",51.404239,10.655329,"mar","03","1882",61
"HL","TE",51.404239,10.655329,"mar","03","1883",32
"HL","TE",51.404239,10.655329,"apr","04","1881",22
"HL","TE",51.404239,10.655329,"apr","04","1882",43
"HL","TE",51.404239,10.655329,"apr","04","1883",24
"HL","TE",51.404239,10.655329,"may","05","1881",25
"HL","TE",51.404239,10.655329,"may","05","1882",44
"HL","TE",51.404239,10.655329,"may","05","1883",52
"HL","TE",51.404239,10.655329,"jun","06","1881",58
"HL","TE",51.404239,10.655329,"jun","06","1882",110
"HL","TE",51.404239,10.655329,"jun","06","1883",38
"HL","TE",51.404239,10.655329,"jul","07","1881",55
"HL","TE",51.404239,10.655329,"jul","07","1882",165
"HL","TE",51.404239,10.655329,"jul","07","1883",110
"HL","TE",51.404239,10.655329,"aug","08","1881",120
"HL","TE",51.404239,10.655329,"aug","08","1882",103
"HL","TE",51.404239,10.655329,"aug","08","1883",47
"HL","TE",51.404239,10.655329,"sep","09","1881",51
"HL","TE",51.404239,10.655329,"sep","09","1882",75
"HL","TE",51.404239,10.655329,"sep","09","1883",55
"HL","TE",51.404239,10.655329,"oct","10","1881",89
"HL","TE",51.404239,10.655329,"oct","10","1882",49
"HL","TE",51.404239,10.655329,"oct","10","1883",63
"HL","TE",51.404239,10.655329,"nov","11","1881",28
"HL","TE",51.404239,10.655329,"nov","11","1882",116
"HL","TE",51.404239,10.655329,"nov","11","1883",67
"HL","TE",51.404239,10.655329,"dec","12","1881",48
"HL","TE",51.404239,10.655329,"dec","12","1882",85
"HL","TE",51.404239,10.655329,"dec","12","1883",105
"HR","HB",51.594201,10.078726,"jan","01","1881",39
"HR","HB",51.594201,10.078726,"jan","01","1882",29
"HR","HB",51.594201,10.078726,"jan","01","1883",39
"HR","HB",51.594201,10.078726,"feb","02","1881",59
"HR","HB",51.594201,10.078726,"feb","02","1882",45
"HR","HB",51.594201,10.078726,"feb","02","1883",18
"HR","HB",51.594201,10.078726,"mar","03","1881",118
"HR","HB",51.594201,10.078726,"mar","03","1882",48
"HR","HB",51.594201,10.078726,"mar","03","1883",23
"HR","HB",51.594201,10.078726,"apr","04","1881",19
"HR","HB",51.594201,10.078726,"apr","04","1882",32
"HR","HB",51.594201,10.078726,"apr","04","1883",24
"HR","HB",51.594201,10.078726,"may","05","1881",17
"HR","HB",51.594201,10.078726,"may","05","1882",40
"HR","HB",51.594201,10.078726,"may","05","1883",52
"HR","HB",51.594201,10.078726,"jun","06","1881",36
"HR","HB",51.594201,10.078726,"jun","06","1882",123
"HR","HB",51.594201,10.078726,"jun","06","1883",36
"HR","HB",51.594201,10.078726,"jul","07","1881",64
"HR","HB",51.594201,10.078726,"jul","07","1882",174
"HR","HB",51.594201,10.078726,"jul","07","1883",102
"HR","HB",51.594201,10.078726,"aug","08","1881",121
"HR","HB",51.594201,10.078726,"aug","08","1882",115
"HR","HB",51.594201,10.078726,"aug","08","1883",39
"HR","HB",51.594201,10.078726,"sep","09","1881",48
"HR","HB",51.594201,10.078726,"sep","09","1882",53
"HR","HB",51.594201,10.078726,"sep","09","1883",65
"HR","HB",51.594201,10.078726,"oct","10","1881",73
"HR","HB",51.594201,10.078726,"oct","10","1882",39
"HR","HB",51.594201,10.078726,"oct","10","1883",47
"HR","HB",51.594201,10.078726,"nov","11","1881",27
"HR","HB",51.594201,10.078726,"nov","11","1882",99
"HR","HB",51.594201,10.078726,"nov","11","1883",63
"HR","HB",51.594201,10.078726,"dec","12","1881",41
"HR","HB",51.594201,10.078726,"dec","12","1882",74
"HR","HB",51.594201,10.078726,"dec","12","1883",111
"HR","TE",51.594201,10.078726,"jan","01","1881",39
"HR","TE",51.594201,10.078726,"jan","01","1882",29
"HR","TE",51.594201,10.078726,"jan","01","1883",39
"HR","TE",51.594201,10.078726,"feb","02","1881",59
"HR","TE",51.594201,10.078726,"feb","02","1882",45
"HR","TE",51.594201,10.078726,"feb","02","1883",18
"HR","TE",51.594201,10.078726,"mar","03","1881",118
"HR","TE",51.594201,10.078726,"mar","03","1882",48
"HR","TE",51.594201,10.078726,"mar","03","1883",23
"HR","TE",51.594201,10.078726,"apr","04","1881",19
"HR","TE",51.594201,10.078726,"apr","04","1882",32
"HR","TE",51.594201,10.078726,"apr","04","1883",24
"HR","TE",51.594201,10.078726,"may","05","1881",17
"HR","TE",51.594201,10.078726,"may","05","1882",40
"HR","TE",51.594201,10.078726,"may","05","1883",52
"HR","TE",51.594201,10.078726,"jun","06","1881",36
"HR","TE",51.594201,10.078726,"jun","06","1882",123
"HR","TE",51.594201,10.078726,"jun","06","1883",36
"HR","TE",51.594201,10.078726,"jul","07","1881",64
"HR","TE",51.594201,10.078726,"jul","07","1882",174
"HR","TE",51.594201,10.078726,"jul","07","1883",102
"HR","TE",51.594201,10.078726,"aug","08","1881",121
"HR","TE",51.594201,10.078726,"aug","08","1882",115
"HR","TE",51.594201,10.078726,"aug","08","1883",39
"HR","TE",51.594201,10.078726,"sep","09","1881",48
"HR","TE",51.594201,10.078726,"sep","09","1882",53
"HR","TE",51.594201,10.078726,"sep","09","1883",65
"HR","TE",51.594201,10.078726,"oct","10","1881",73
"HR","TE",51.594201,10.078726,"oct","10","1882",39
"HR","TE",51.594201,10.078726,"oct","10","1883",47
"HR","TE",51.594201,10.078726,"nov","11","1881",27
"HR","TE",51.594201,10.078726,"nov","11","1882",99
"HR","TE",51.594201,10.078726,"nov","11","1883",63
"HR","TE",51.594201,10.078726,"dec","12","1881",41
"HR","TE",51.594201,10.078726,"dec","12","1882",74
"HR","TE",51.594201,10.078726,"dec","12","1883",111
"KB","ES",51.541803,9.80909,"jan","01","1881",36
"KB","ES",51.541803,9.80909,"jan","01","1882",29
"KB","ES",51.541803,9.80909,"jan","01","1883",38
"KB","ES",51.541803,9.80909,"feb","02","1881",61
"KB","ES",51.541803,9.80909,"feb","02","1882",44
"KB","ES",51.541803,9.80909,"feb","02","1883",16
"KB","ES",51.541803,9.80909,"mar","03","1881",113
"KB","ES",51.541803,9.80909,"mar","03","1882",40
"KB","ES",51.541803,9.80909,"mar","03","1883",21
"KB","ES",51.541803,9.80909,"apr","04","1881",18
"KB","ES",51.541803,9.80909,"apr","04","1882",29
"KB","ES",51.541803,9.80909,"apr","04","1883",21
"KB","ES",51.541803,9.80909,"may","05","1881",17
"KB","ES",51.541803,9.80909,"may","05","1882",42
"KB","ES",51.541803,9.80909,"may","05","1883",42
"KB","ES",51.541803,9.80909,"jun","06","1881",33
"KB","ES",51.541803,9.80909,"jun","06","1882",121
"KB","ES",51.541803,9.80909,"jun","06","1883",37
"KB","ES",51.541803,9.80909,"jul","07","1881",53
"KB","ES",51.541803,9.80909,"jul","07","1882",185
"KB","ES",51.541803,9.80909,"jul","07","1883",93
"KB","ES",51.541803,9.80909,"aug","08","1881",123
"KB","ES",51.541803,9.80909,"aug","08","1882",104
"KB","ES",51.541803,9.80909,"aug","08","1883",33
"KB","ES",51.541803,9.80909,"sep","09","1881",50
"KB","ES",51.541803,9.80909,"sep","09","1882",53
"KB","ES",51.541803,9.80909,"sep","09","1883",68
"KB","ES",51.541803,9.80909,"oct","10","1881",70
"KB","ES",51.541803,9.80909,"oct","10","1882",39
"KB","ES",51.541803,9.80909,"oct","10","1883",45
"KB","ES",51.541803,9.80909,"nov","11","1881",27
"KB","ES",51.541803,9.80909,"nov","11","1882",97
"KB","ES",51.541803,9.80909,"nov","11","1883",62
"KB","ES",51.541803,9.80909,"dec","12","1881",44
"KB","ES",51.541803,9.80909,"dec","12","1882",78
"KB","ES",51.541803,9.80909,"dec","12","1883",107
"KB","HB",51.541803,9.80909,"jan","01","1881",36
"KB","HB",51.541803,9.80909,"jan","01","1882",29
"KB","HB",51.541803,9.80909,"jan","01","1883",38
"KB","HB",51.541803,9.80909,"feb","02","1881",61
"KB","HB",51.541803,9.80909,"feb","02","1882",44
"KB","HB",51.541803,9.80909,"feb","02","1883",16
"KB","HB",51.541803,9.80909,"mar","03","1881",113
"KB","HB",51.541803,9.80909,"mar","03","1882",40
"KB","HB",51.541803,9.80909,"mar","03","1883",21
"KB","HB",51.541803,9.80909,"apr","04","1881",18
"KB","HB",51.541803,9.80909,"apr","04","1882",29
"KB","HB",51.541803,9.80909,"apr","04","1883",21
"KB","HB",51.541803,9.80909,"may","05","1881",17
"KB","HB",51.541803,9.80909,"may","05","1882",42
"KB","HB",51.541803,9.80909,"may","05","1883",42
"KB","HB",51.541803,9.80909,"jun","06","1881",33
"KB","HB",51.541803,9.80909,"jun","06","1882",121
"KB","HB",51.541803,9.80909,"jun","06","1883",37
"KB","HB",51.541803,9.80909,"jul","07","1881",53
"KB","HB",51.541803,9.80909,"jul","07","1882",185
"KB","HB",51.541803,9.80909,"jul","07","1883",93
"KB","HB",51.541803,9.80909,"aug","08","1881",123
"KB","HB",51.541803,9.80909,"aug","08","1882",104
"KB","HB",51.541803,9.80909,"aug","08","1883",33
"KB","HB",51.541803,9.80909,"sep","09","1881",50
"KB","HB",51.541803,9.80909,"sep","09","1882",53
"KB","HB",51.541803,9.80909,"sep","09","1883",68
"KB","HB",51.541803,9.80909,"oct","10","1881",70
"KB","HB",51.541803,9.80909,"oct","10","1882",39
"KB","HB",51.541803,9.80909,"oct","10","1883",45
"KB","HB",51.541803,9.80909,"nov","11","1881",27
"KB","HB",51.541803,9.80909,"nov","11","1882",97
"KB","HB",51.541803,9.80909,"nov","11","1883",62
"KB","HB",51.541803,9.80909,"dec","12","1881",44
"KB","HB",51.541803,9.80909,"dec","12","1882",78
"KB","HB",51.541803,9.80909,"dec","12","1883",107
"KB","SA",51.541803,9.80909,"jan","01","1881",36
"KB","SA",51.541803,9.80909,"jan","01","1882",29
"KB","SA",51.541803,9.80909,"jan","01","1883",38
"KB","SA",51.541803,9.80909,"feb","02","1881",61
"KB","SA",51.541803,9.80909,"feb","02","1882",44
"KB","SA",51.541803,9.80909,"feb","02","1883",16
"KB","SA",51.541803,9.80909,"mar","03","1881",113
"KB","SA",51.541803,9.80909,"mar","03","1882",40
"KB","SA",51.541803,9.80909,"mar","03","1883",21
"KB","SA",51.541803,9.80909,"apr","04","1881",18
"KB","SA",51.541803,9.80909,"apr","04","1882",29
"KB","SA",51.541803,9.80909,"apr","04","1883",21
"KB","SA",51.541803,9.80909,"may","05","1881",17
"KB","SA",51.541803,9.80909,"may","05","1882",42
"KB","SA",51.541803,9.80909,"may","05","1883",42
"KB","SA",51.541803,9.80909,"jun","06","1881",33
"KB","SA",51.541803,9.80909,"jun","06","1882",121
"KB","SA",51.541803,9.80909,"jun","06","1883",37
"KB","SA",51.541803,9.80909,"jul","07","1881",53
"KB","SA",51.541803,9.80909,"jul","07","1882",185
"KB","SA",51.541803,9.80909,"jul","07","1883",93
"KB","SA",51.541803,9.80909,"aug","08","1881",123
"KB","SA",51.541803,9.80909,"aug","08","1882",104
"KB","SA",51.541803,9.80909,"aug","08","1883",33
"KB","SA",51.541803,9.80909,"sep","09","1881",50
"KB","SA",51.541803,9.80909,"sep","09","1882",53
"KB","SA",51.541803,9.80909,"sep","09","1883",68
"KB","SA",51.541803,9.80909,"oct","10","1881",70
"KB","SA",51.541803,9.80909,"oct","10","1882",39
"KB","SA",51.541803,9.80909,"oct","10","1883",45
"KB","SA",51.541803,9.80909,"nov","11","1881",27
"KB","SA",51.541803,9.80909,"nov","11","1882",97
"KB","SA",51.541803,9.80909,"nov","11","1883",62
"KB","SA",51.541803,9.80909,"dec","12","1881",44
"KB","SA",51.541803,9.80909,"dec","12","1882",78
"KB","SA",51.541803,9.80909,"dec","12","1883",107
"LB","ES",51.979376,10.430706,"jan","01","1881",44
"LB","ES",51.979376,10.430706,"jan","01","1882",39
"LB","ES",51.979376,10.430706,"jan","01","1883",45
"LB","ES",51.979376,10.430706,"feb","02","1881",52
"LB","ES",51.979376,10.430706,"feb","02","1882",46
"LB","ES",51.979376,10.430706,"feb","02","1883",24
"LB","ES",51.979376,10.430706,"mar","03","1881",127
"LB","ES",51.979376,10.430706,"mar","03","1882",68
"LB","ES",51.979376,10.430706,"mar","03","1883",28
"LB","ES",51.979376,10.430706,"apr","04","1881",18
"LB","ES",51.979376,10.430706,"apr","04","1882",36
"LB","ES",51.979376,10.430706,"apr","04","1883",27
"LB","ES",51.979376,10.430706,"may","05","1881",23
"LB","ES",51.979376,10.430706,"may","05","1882",40
"LB","ES",51.979376,10.430706,"may","05","1883",67
"LB","ES",51.979376,10.430706,"jun","06","1881",51
"LB","ES",51.979376,10.430706,"jun","06","1882",118
"LB","ES",51.979376,10.430706,"jun","06","1883",41
"LB","ES",51.979376,10.430706,"jul","07","1881",68
"LB","ES",51.979376,10.430706,"jul","07","1882",155
"LB","ES",51.979376,10.430706,"jul","07","1883",112
"LB","ES",51.979376,10.430706,"aug","08","1881",117
"LB","ES",51.979376,10.430706,"aug","08","1882",119
"LB","ES",51.979376,10.430706,"aug","08","1883",47
"LB","ES",51.979376,10.430706,"sep","09","1881",52
"LB","ES",51.979376,10.430706,"sep","09","1882",48
"LB","ES",51.979376,10.430706,"sep","09","1883",60
"LB","ES",51.979376,10.430706,"oct","10","1881",86
"LB","ES",51.979376,10.430706,"oct","10","1882",36
"LB","ES",51.979376,10.430706,"oct","10","1883",62
"LB","ES",51.979376,10.430706,"nov","11","1881",30
"LB","ES",51.979376,10.430706,"nov","11","1882",95
"LB","ES",51.979376,10.430706,"nov","11","1883",79
"LB","ES",51.979376,10.430706,"dec","12","1881",44
"LB","ES",51.979376,10.430706,"dec","12","1882",59
"LB","ES",51.979376,10.430706,"dec","12","1883",104
"LB","HB",52.021368,10.416407,"jan","01","1881",36
"LB","HB",52.021368,10.416407,"jan","01","1882",34
"LB","HB",52.021368,10.416407,"jan","01","1883",35
"LB","HB",52.021368,10.416407,"feb","02","1881",43
"LB","HB",52.021368,10.416407,"feb","02","1882",39
"LB","HB",52.021368,10.416407,"feb","02","1883",21
"LB","HB",52.021368,10.416407,"mar","03","1881",110
"LB","HB",52.021368,10.416407,"mar","03","1882",60
"LB","HB",52.021368,10.416407,"mar","03","1883",21
"LB","HB",52.021368,10.416407,"apr","04","1881",14
"LB","HB",52.021368,10.416407,"apr","04","1882",27
"LB","HB",52.021368,10.416407,"apr","04","1883",22
"LB","HB",52.021368,10.416407,"may","05","1881",22
"LB","HB",52.021368,10.416407,"may","05","1882",36
"LB","HB",52.021368,10.416407,"may","05","1883",63
"LB","HB",52.021368,10.416407,"jun","06","1881",47
"LB","HB",52.021368,10.416407,"jun","06","1882",98
"LB","HB",52.021368,10.416407,"jun","06","1883",39
"LB","HB",52.021368,10.416407,"jul","07","1881",59
"LB","HB",52.021368,10.416407,"jul","07","1882",134
"LB","HB",52.021368,10.416407,"jul","07","1883",90
"LB","HB",52.021368,10.416407,"aug","08","1881",104
"LB","HB",52.021368,10.416407,"aug","08","1882",103
"LB","HB",52.021368,10.416407,"aug","08","1883",41
"LB","HB",52.021368,10.416407,"sep","09","1881",49
"LB","HB",52.021368,10.416407,"sep","09","1882",39
"LB","HB",52.021368,10.416407,"sep","09","1883",61
"LB","HB",52.021368,10.416407,"oct","10","1881",79
"LB","HB",52.021368,10.416407,"oct","10","1882",30
"LB","HB",52.021368,10.416407,"oct","10","1883",54
"LB","HB",52.021368,10.416407,"nov","11","1881",24
"LB","HB",52.021368,10.416407,"nov","11","1882",72
"LB","HB",52.021368,10.416407,"nov","11","1883",69
"LB","HB",52.021368,10.416407,"dec","12","1881",39
"LB","HB",52.021368,10.416407,"dec","12","1882",46
"LB","HB",52.021368,10.416407,"dec","12","1883",82
"LB","SA",51.979376,10.430706,"jan","01","1881",44
"LB","SA",51.979376,10.430706,"jan","01","1882",39
"LB","SA",51.979376,10.430706,"jan","01","1883",45
"LB","SA",51.979376,10.430706,"feb","02","1881",52
"LB","SA",51.979376,10.430706,"feb","02","1882",46
"LB","SA",51.979376,10.430706,"feb","02","1883",24
"LB","SA",51.979376,10.430706,"mar","03","1881",127
"LB","SA",51.979376,10.430706,"mar","03","1882",68
"LB","SA",51.979376,10.430706,"mar","03","1883",28
"LB","SA",51.979376,10.430706,"apr","04","1881",18
"LB","SA",51.979376,10.430706,"apr","04","1882",36
"LB","SA",51.979376,10.430706,"apr","04","1883",27
"LB","SA",51.979376,10.430706,"may","05","1881",23
"LB","SA",51.979376,10.430706,"may","05","1882",40
"LB","SA",51.979376,10.430706,"may","05","1883",67
"LB","SA",51.979376,10.430706,"jun","06","1881",51
"LB","SA",51.979376,10.430706,"jun","06","1882",118
"LB","SA",51.979376,10.430706,"jun","06","1883",41
"LB","SA",51.979376,10.430706,"jul","07","1881",68
"LB","SA",51.979376,10.430706,"jul","07","1882",155
"LB","SA",51.979376,10.430706,"jul","07","1883",112
"LB","SA",51.979376,10.430706,"aug","08","1881",117
"LB","SA",51.979376,10.430706,"aug","08","1882",119
"LB","SA",51.979376,10.430706,"aug","08","1883",47
"LB","SA",51.979376,10.430706,"sep","09","1881",52
"LB","SA",51.979376,10.430706,"sep","09","1882",48
"LB","SA",51.979376,10.430706,"sep","09","1883",60
"LB","SA",51.979376,10.430706,"oct","10","1881",86
"LB","SA",51.979376,10.430706,"oct","10","1882",36
"LB","SA",51.979376,10.430706,"oct","10","1883",62
"LB","SA",51.979376,10.430706,"nov","11","1881",30
"LB","SA",51.979376,10.430706,"nov","11","1882",95
"LB","SA",51.979376,10.430706,"nov","11","1883",79
"LB","SA",51.979376,10.430706,"dec","12","1881",44
"LB","SA",51.979376,10.430706,"dec","12","1882",59
"LB","SA",51.979376,10.430706,"dec","12","1883",104
"LB","TE",51.978579,10.435671,"jan","01","1881",42
"LB","TE",51.978579,10.435671,"jan","01","1882",38
"LB","TE",51.978579,10.435671,"jan","01","1883",44
"LB","TE",51.978579,10.435671,"feb","02","1881",52
"LB","TE",51.978579,10.435671,"feb","02","1882",44
"LB","TE",51.978579,10.435671,"feb","02","1883",23
"LB","TE",51.978579,10.435671,"mar","03","1881",127
"LB","TE",51.978579,10.435671,"mar","03","1882",67
"LB","TE",51.978579,10.435671,"mar","03","1883",29
"LB","TE",51.978579,10.435671,"apr","04","1881",18
"LB","TE",51.978579,10.435671,"apr","04","1882",36
"LB","TE",51.978579,10.435671,"apr","04","1883",27
"LB","TE",51.978579,10.435671,"may","05","1881",23
"LB","TE",51.978579,10.435671,"may","05","1882",39
"LB","TE",51.978579,10.435671,"may","05","1883",66
"LB","TE",51.978579,10.435671,"jun","06","1881",50
"LB","TE",51.978579,10.435671,"jun","06","1882",119
"LB","TE",51.978579,10.435671,"jun","06","1883",40
"LB","TE",51.978579,10.435671,"jul","07","1881",67
"LB","TE",51.978579,10.435671,"jul","07","1882",153
"LB","TE",51.978579,10.435671,"jul","07","1883",113
"LB","TE",51.978579,10.435671,"aug","08","1881",118
"LB","TE",51.978579,10.435671,"aug","08","1882",121
"LB","TE",51.978579,10.435671,"aug","08","1883",47
"LB","TE",51.978579,10.435671,"sep","09","1881",51
"LB","TE",51.978579,10.435671,"sep","09","1882",49
"LB","TE",51.978579,10.435671,"sep","09","1883",58
"LB","TE",51.978579,10.435671,"oct","10","1881",85
"LB","TE",51.978579,10.435671,"oct","10","1882",36
"LB","TE",51.978579,10.435671,"oct","10","1883",60
"LB","TE",51.978579,10.435671,"nov","11","1881",30
"LB","TE",51.978579,10.435671,"nov","11","1882",96
"LB","TE",51.978579,10.435671,"nov","11","1883",79
"LB","TE",51.978579,10.435671,"dec","12","1881",43
"LB","TE",51.978579,10.435671,"dec","12","1882",58
"LB","TE",51.978579,10.435671,"dec","12","1883",101
"RH","ES",51.591288,10.007933,"jan","01","1881",45
"RH","ES",51.591288,10.007933,"jan","01","1882",35
"RH","ES",51.591288,10.007933,"jan","01","1883",44
"RH","ES",51.591288,10.007933,"feb","02","1881",73
"RH","ES",51.591288,10.007933,"feb","02","1882",54
"RH","ES",51.591288,10.007933,"feb","02","1883",19
"RH","ES",51.591288,10.007933,"mar","03","1881",136
"RH","ES",51.591288,10.007933,"mar","03","1882",48
"RH","ES",51.591288,10.007933,"mar","03","1883",24
"RH","ES",51.591288,10.007933,"apr","04","1881",20
"RH","ES",51.591288,10.007933,"apr","04","1882",34
"RH","ES",51.591288,10.007933,"apr","04","1883",25
"RH","ES",51.591288,10.007933,"may","05","1881",18
"RH","ES",51.591288,10.007933,"may","05","1882",46
"RH","ES",51.591288,10.007933,"may","05","1883",52
"RH","ES",51.591288,10.007933,"jun","06","1881",35
"RH","ES",51.591288,10.007933,"jun","06","1882",130
"RH","ES",51.591288,10.007933,"jun","06","1883",40
"RH","ES",51.591288,10.007933,"jul","07","1881",63
"RH","ES",51.591288,10.007933,"jul","07","1882",206
"RH","ES",51.591288,10.007933,"jul","07","1883",104
"RH","ES",51.591288,10.007933,"aug","08","1881",134
"RH","ES",51.591288,10.007933,"aug","08","1882",118
"RH","ES",51.591288,10.007933,"aug","08","1883",37
"RH","ES",51.591288,10.007933,"sep","09","1881",56
"RH","ES",51.591288,10.007933,"sep","09","1882",60
"RH","ES",51.591288,10.007933,"sep","09","1883",76
"RH","ES",51.591288,10.007933,"oct","10","1881",80
"RH","ES",51.591288,10.007933,"oct","10","1882",42
"RH","ES",51.591288,10.007933,"oct","10","1883",48
"RH","ES",51.591288,10.007933,"nov","11","1881",30
"RH","ES",51.591288,10.007933,"nov","11","1882",112
"RH","ES",51.591288,10.007933,"nov","11","1883",71
"RH","ES",51.591288,10.007933,"dec","12","1881",50
"RH","ES",51.591288,10.007933,"dec","12","1882",88
"RH","ES",51.591288,10.007933,"dec","12","1883",131
"RH","SA",51.591288,10.007933,"jan","01","1881",45
"RH","SA",51.591288,10.007933,"jan","01","1882",35
"RH","SA",51.591288,10.007933,"jan","01","1883",44
"RH","SA",51.591288,10.007933,"feb","02","1881",73
"RH","SA",51.591288,10.007933,"feb","02","1882",54
"RH","SA",51.591288,10.007933,"feb","02","1883",19
"RH","SA",51.591288,10.007933,"mar","03","1881",136
"RH","SA",51.591288,10.007933,"mar","03","1882",48
"RH","SA",51.591288,10.007933,"mar","03","1883",24
"RH","SA",51.591288,10.007933,"apr","04","1881",20
"RH","SA",51.591288,10.007933,"apr","04","1882",34
"RH","SA",51.591288,10.007933,"apr","04","1883",25
"RH","SA",51.591288,10.007933,"may","05","1881",18
"RH","SA",51.591288,10.007933,"may","05","1882",46
"RH","SA",51.591288,10.007933,"may","05","1883",52
"RH","SA",51.591288,10.007933,"jun","06","1881",35
"RH","SA",51.591288,10.007933,"jun","06","1882",130
"RH","SA",51.591288,10.007933,"jun","06","1883",40
"RH","SA",51.591288,10.007933,"jul","07","1881",63
"RH","SA",51.591288,10.007933,"jul","07","1882",206
"RH","SA",51.591288,10.007933,"jul","07","1883",104
"RH","SA",51.591288,10.007933,"aug","08","1881",134
"RH","SA",51.591288,10.007933,"aug","08","1882",118
"RH","SA",51.591288,10.007933,"aug","08","1883",37
"RH","SA",51.591288,10.007933,"sep","09","1881",56
"RH","SA",51.591288,10.007933,"sep","09","1882",60
"RH","SA",51.591288,10.007933,"sep","09","1883",76
"RH","SA",51.591288,10.007933,"oct","10","1881",80
"RH","SA",51.591288,10.007933,"oct","10","1882",42
"RH","SA",51.591288,10.007933,"oct","10","1883",48
"RH","SA",51.591288,10.007933,"nov","11","1881",30
"RH","SA",51.591288,10.007933,"nov","11","1882",112
"RH","SA",51.591288,10.007933,"nov","11","1883",71
"RH","SA",51.591288,10.007933,"dec","12","1881",50
"RH","SA",51.591288,10.007933,"dec","12","1882",88
"RH","SA",51.591288,10.007933,"dec","12","1883",131
"RH","WL",51.599195,10.009212,"jan","01","1881",35
"RH","WL",51.599195,10.009212,"jan","01","1882",27
"RH","WL",51.599195,10.009212,"jan","01","1883",35
"RH","WL",51.599195,10.009212,"feb","02","1881",58
"RH","WL",51.599195,10.009212,"feb","02","1882",43
"RH","WL",51.599195,10.009212,"feb","02","1883",16
"RH","WL",51.599195,10.009212,"mar","03","1881",111
"RH","WL",51.599195,10.009212,"mar","03","1882",40
"RH","WL",51.599195,10.009212,"mar","03","1883",20
"RH","WL",51.599195,10.009212,"apr","04","1881",17
"RH","WL",51.599195,10.009212,"apr","04","1882",29
"RH","WL",51.599195,10.009212,"apr","04","1883",21
"RH","WL",51.599195,10.009212,"may","05","1881",16
"RH","WL",51.599195,10.009212,"may","05","1882",40
"RH","WL",51.599195,10.009212,"may","05","1883",46
"RH","WL",51.599195,10.009212,"jun","06","1881",33
"RH","WL",51.599195,10.009212,"jun","06","1882",118
"RH","WL",51.599195,10.009212,"jun","06","1883",36
"RH","WL",51.599195,10.009212,"jul","07","1881",55
"RH","WL",51.599195,10.009212,"jul","07","1882",176
"RH","WL",51.599195,10.009212,"jul","07","1883",92
"RH","WL",51.599195,10.009212,"aug","08","1881",117
"RH","WL",51.599195,10.009212,"aug","08","1882",104
"RH","WL",51.599195,10.009212,"aug","08","1883",33
"RH","WL",51.599195,10.009212,"sep","09","1881",46
"RH","WL",51.599195,10.009212,"sep","09","1882",50
"RH","WL",51.599195,10.009212,"sep","09","1883",63
"RH","WL",51.599195,10.009212,"oct","10","1881",66
"RH","WL",51.599195,10.009212,"oct","10","1882",35
"RH","WL",51.599195,10.009212,"oct","10","1883",40
"RH","WL",51.599195,10.009212,"nov","11","1881",24
"RH","WL",51.599195,10.009212,"nov","11","1882",90
"RH","WL",51.599195,10.009212,"nov","11","1883",57
"RH","WL",51.599195,10.009212,"dec","12","1881",39
"RH","WL",51.599195,10.009212,"dec","12","1882",69
"RH","WL",51.599195,10.009212,"dec","12","1883",102
"ZR","ES",51.434345,11.532753,"jan","01","1881",19
"ZR","ES",51.434345,11.532753,"jan","01","1882",13
"ZR","ES",51.434345,11.532753,"jan","01","1883",21
"ZR","ES",51.434345,11.532753,"feb","02","1881",30
"ZR","ES",51.434345,11.532753,"feb","02","1882",17
"ZR","ES",51.434345,11.532753,"feb","02","1883",13
"ZR","ES",51.434345,11.532753,"mar","03","1881",73
"ZR","ES",51.434345,11.532753,"mar","03","1882",41
"ZR","ES",51.434345,11.532753,"mar","03","1883",16
"ZR","ES",51.434345,11.532753,"apr","04","1881",13
"ZR","ES",51.434345,11.532753,"apr","04","1882",31
"ZR","ES",51.434345,11.532753,"apr","04","1883",16
"ZR","ES",51.434345,11.532753,"may","05","1881",29
"ZR","ES",51.434345,11.532753,"may","05","1882",44
"ZR","ES",51.434345,11.532753,"may","05","1883",34
"ZR","ES",51.434345,11.532753,"jun","06","1881",79
"ZR","ES",51.434345,11.532753,"jun","06","1882",84
"ZR","ES",51.434345,11.532753,"jun","06","1883",31
"ZR","ES",51.434345,11.532753,"jul","07","1881",45
"ZR","ES",51.434345,11.532753,"jul","07","1882",155
"ZR","ES",51.434345,11.532753,"jul","07","1883",82
"ZR","ES",51.434345,11.532753,"aug","08","1881",105
"ZR","ES",51.434345,11.532753,"aug","08","1882",57
"ZR","ES",51.434345,11.532753,"aug","08","1883",29
"ZR","ES",51.434345,11.532753,"sep","09","1881",50
"ZR","ES",51.434345,11.532753,"sep","09","1882",70
"ZR","ES",51.434345,11.532753,"sep","09","1883",41
"ZR","ES",51.434345,11.532753,"oct","10","1881",69
"ZR","ES",51.434345,11.532753,"oct","10","1882",39
"ZR","ES",51.434345,11.532753,"oct","10","1883",49
"ZR","ES",51.434345,11.532753,"nov","11","1881",10
"ZR","ES",51.434345,11.532753,"nov","11","1882",56
"ZR","ES",51.434345,11.532753,"nov","11","1883",27
"ZR","ES",51.434345,11.532753,"dec","12","1881",19
"ZR","ES",51.434345,11.532753,"dec","12","1882",45
"ZR","ES",51.434345,11.532753,"dec","12","1883",50
"ZR","HB",51.425929,11.519468,"jan","01","1881",21
"ZR","HB",51.425929,11.519468,"jan","01","1882",14
"ZR","HB",51.425929,11.519468,"jan","01","1883",23
"ZR","HB",51.425929,11.519468,"feb","02","1881",33
"ZR","HB",51.425929,11.519468,"feb","02","1882",18
"ZR","HB",51.425929,11.519468,"feb","02","1883",13
"ZR","HB",51.425929,11.519468,"mar","03","1881",76
"ZR","HB",51.425929,11.519468,"mar","03","1882",42
"ZR","HB",51.425929,11.519468,"mar","03","1883",17
"ZR","HB",51.425929,11.519468,"apr","04","1881",13
"ZR","HB",51.425929,11.519468,"apr","04","1882",33
"ZR","HB",51.425929,11.519468,"apr","04","1883",16
"ZR","HB",51.425929,11.519468,"may","05","1881",30
"ZR","HB",51.425929,11.519468,"may","05","1882",44
"ZR","HB",51.425929,11.519468,"may","05","1883",35
"ZR","HB",51.425929,11.519468,"jun","06","1881",83
"ZR","HB",51.425929,11.519468,"jun","06","1882",85
"ZR","HB",51.425929,11.519468,"jun","06","1883",32
"ZR","HB",51.425929,11.519468,"jul","07","1881",44
"ZR","HB",51.425929,11.519468,"jul","07","1882",155
"ZR","HB",51.425929,11.519468,"jul","07","1883",83
"ZR","HB",51.425929,11.519468,"aug","08","1881",108
"ZR","HB",51.425929,11.519468,"aug","08","1882",58
"ZR","HB",51.425929,11.519468,"aug","08","1883",30
"ZR","HB",51.425929,11.519468,"sep","09","1881",51
"ZR","HB",51.425929,11.519468,"sep","09","1882",69
"ZR","HB",51.425929,11.519468,"sep","09","1883",42
"ZR","HB",51.425929,11.519468,"oct","10","1881",71
"ZR","HB",51.425929,11.519468,"oct","10","1882",40
"ZR","HB",51.425929,11.519468,"oct","10","1883",49
"ZR","HB",51.425929,11.519468,"nov","11","1881",11
"ZR","HB",51.425929,11.519468,"nov","11","1882",60
"ZR","HB",51.425929,11.519468,"nov","11","1883",28
"ZR","HB",51.425929,11.519468,"dec","12","1881",21
"ZR","HB",51.425929,11.519468,"dec","12","1882",47
"ZR","HB",51.425929,11.519468,"dec","12","1883",54
"ZR","TE",51.425929,11.519468,"jan","01","1881",21
"ZR","TE",51.425929,11.519468,"jan","01","1882",14
"ZR","TE",51.425929,11.519468,"jan","01","1883",23
"ZR","TE",51.425929,11.519468,"feb","02","1881",33
"ZR","TE",51.425929,11.519468,"feb","02","1882",18
"ZR","TE",51.425929,11.519468,"feb","02","1883",13
"ZR","TE",51.425929,11.519468,"mar","03","1881",76
"ZR","TE",51.425929,11.519468,"mar","03","1882",42
"ZR","TE",51.425929,11.519468,"mar","03","1883",17
"ZR","TE",51.425929,11.519468,"apr","04","1881",13
"ZR","TE",51.425929,11.519468,"apr","04","1882",33
"ZR","TE",51.425929,11.519468,"apr","04","1883",16
"ZR","TE",51.425929,11.519468,"may","05","1881",30
"ZR","TE",51.425929,11.519468,"may","05","1882",44
"ZR","TE",51.425929,11.519468,"may","05","1883",35
"ZR","TE",51.425929,11.519468,"jun","06","1881",83
"ZR","TE",51.425929,11.519468,"jun","06","1882",85
"ZR","TE",51.425929,11.519468,"jun","06","1883",32
"ZR","TE",51.425929,11.519468,"jul","07","1881",44
"ZR","TE",51.425929,11.519468,"jul","07","1882",155
"ZR","TE",51.425929,11.519468,"jul","07","1883",83
"ZR","TE",51.425929,11.519468,"aug","08","1881",108
"ZR","TE",51.425929,11.519468,"aug","08","1882",58
"ZR","TE",51.425929,11.519468,"aug","08","1883",30
"ZR","TE",51.425929,11.519468,"sep","09","1881",51
"ZR","TE",51.425929,11.519468,"sep","09","1882",69
"ZR","TE",51.425929,11.519468,"sep","09","1883",42
"ZR","TE",51.425929,11.519468,"oct","10","1881",71
"ZR","TE",51.425929,11.519468,"oct","10","1882",40
"ZR","TE",51.425929,11.519468,"oct","10","1883",49
"ZR","TE",51.425929,11.519468,"nov","11","1881",11
"ZR","TE",51.425929,11.519468,"nov","11","1882",60
"ZR","TE",51.425929,11.519468,"nov","11","1883",28
"ZR","TE",51.425929,11.519468,"dec","12","1881",21
"ZR","TE",51.425929,11.519468,"dec","12","1882",47
"ZR","TE",51.425929,11.519468,"dec","12","1883",54
"ZR","WL",51.434345,11.532753,"jan","01","1881",19
"ZR","WL",51.434345,11.532753,"jan","01","1882",13
"ZR","WL",51.434345,11.532753,"jan","01","1883",21
"ZR","WL",51.434345,11.532753,"feb","02","1881",30
"ZR","WL",51.434345,11.532753,"feb","02","1882",17
"ZR","WL",51.434345,11.532753,"feb","02","1883",13
"ZR","WL",51.434345,11.532753,"mar","03","1881",73
"ZR","WL",51.434345,11.532753,"mar","03","1882",41
"ZR","WL",51.434345,11.532753,"mar","03","1883",16
"ZR","WL",51.434345,11.532753,"apr","04","1881",13
"ZR","WL",51.434345,11.532753,"apr","04","1882",31
"ZR","WL",51.434345,11.532753,"apr","04","1883",16
"ZR","WL",51.434345,11.532753,"may","05","1881",29
"ZR","WL",51.434345,11.532753,"may","05","1882",44
"ZR","WL",51.434345,11.532753,"may","05","1883",34
"ZR","WL",51.434345,11.532753,"jun","06","1881",79
"ZR","WL",51.434345,11.532753,"jun","06","1882",84
"ZR","WL",51.434345,11.532753,"jun","06","1883",31
"ZR","WL",51.434345,11.532753,"jul","07","1881",45
"ZR","WL",51.434345,11.532753,"jul","07","1882",155
"ZR","WL",51.434345,11.532753,"jul","07","1883",82
"ZR","WL",51.434345,11.532753,"aug","08","1881",105
"ZR","WL",51.434345,11.532753,"aug","08","1882",57
"ZR","WL",51.434345,11.532753,"aug","08","1883",29
"ZR","WL",51.434345,11.532753,"sep","09","1881",50
"ZR","WL",51.434345,11.532753,"sep","09","1882",70
"ZR","WL",51.434345,11.532753,"sep","09","1883",41
"ZR","WL",51.434345,11.532753,"oct","10","1881",69
"ZR","WL",51.434345,11.532753,"oct","10","1882",39
"ZR","WL",51.434345,11.532753,"oct","10","1883",49
"ZR","WL",51.434345,11.532753,"nov","11","1881",10
"ZR","WL",51.434345,11.532753,"nov","11","1882",56
"ZR","WL",51.434345,11.532753,"nov","11","1883",27
"ZR","WL",51.434345,11.532753,"dec","12","1881",19
"ZR","WL",51.434345,11.532753,"dec","12","1882",45
"ZR","WL",51.434345,11.532753,"dec","12","1883",50
